USE pdv_ficticio;

-- Inserindo 30 Produtos
INSERT INTO pdv_produto (id, nome, categoria, preco_venda, unidade_medida) VALUES
(1, 'Hambúrguer Clássico', 'Prato Principal', 25.00, 'UN'),
(2, 'Pizza Margherita', 'Prato Principal', 45.00, 'UN'),
(3, 'Salada Caesar', 'Prato Principal', 22.00, 'UN'),
(4, 'Risoto de Funghi', 'Prato Principal', 42.00, 'UN'),
(5, 'Filé Mignon ao Molho Madeira', 'Prato Principal', 55.00, 'UN'),
(6, 'Lasanha à Bolonhesa', 'Prato Principal', 35.00, 'UN'),
(7, 'Spaghetti Carbonara', 'Prato Principal', 38.00, 'UN'),
(8, 'Frango Grelhado com Legumes', 'Prato Principal', 28.00, 'UN'),
(9, 'Strogonoff de Carne', 'Prato Principal', 34.00, 'UN'),
(10, 'Peixe Assado', 'Prato Principal', 48.00, 'UN'),
(11, 'Refrigerante Cola 350ml', 'Bebida', 6.00, 'UN'),
(12, 'Suco de Laranja 500ml', 'Bebida', 9.00, 'UN'),
(13, 'Água Mineral com Gás 500ml', 'Bebida', 4.50, 'UN'),
(14, 'Cerveja Artesanal IPA 600ml', 'Bebida', 18.00, 'UN'),
(15, 'Vinho Tinto Taça', 'Bebida', 22.00, 'UN'),
(16, 'Pudim de Leite', 'Sobremesa', 12.00, 'UN'),
(17, 'Cheesecake de Frutas', 'Sobremesa', 16.00, 'UN'),
(18, 'Brownie com Sorvete', 'Sobremesa', 18.00, 'UN'),
(19, 'Torta de Limão', 'Sobremesa', 14.00, 'UN'),
(20, 'Mousse de Maracujá', 'Sobremesa', 12.00, 'UN'),
(21, 'Arroz Branco', 'Ingrediente', 0.00, 'KG'),
(22, 'Feijão Carioca', 'Ingrediente', 0.00, 'KG'),
(23, 'Farinha de Trigo', 'Ingrediente', 0.00, 'KG'),
(24, 'Leite Condensado', 'Ingrediente', 0.00, 'L'),
(25, 'Creme de Leite', 'Ingrediente', 0.00, 'L'),
(26, 'Peito de Frango', 'Ingrediente', 0.00, 'KG'),
(27, 'Carne Moída', 'Ingrediente', 0.00, 'KG'),
(28, 'Tomate', 'Ingrediente', 0.00, 'KG'),
(29, 'Cebola', 'Ingrediente', 0.00, 'KG'),
(30, 'Queijo Mussarela', 'Ingrediente', 0.00, 'KG');

-- Inserindo 60 Lotes (Compras)
INSERT INTO pdv_compra (id, produto_id, data_compra, quantidade, preco_custo, data_validade) VALUES
(1, 1, '2024-03-01', 50.000, 10.00, '2024-03-10'),
(2, 2, '2024-03-01', 50.000, 18.00, '2024-03-10'),
(3, 3, '2024-03-01', 50.000, 8.80, '2024-03-10'),
(4, 4, '2024-03-01', 50.000, 16.80, '2024-03-10'),
(5, 5, '2024-03-01', 50.000, 22.00, '2024-03-10'),
(6, 6, '2024-03-01', 50.000, 14.00, '2024-03-10'),
(7, 7, '2024-03-01', 50.000, 15.20, '2024-03-10'),
(8, 8, '2024-03-01', 50.000, 11.20, '2024-03-10'),
(9, 9, '2024-03-01', 50.000, 13.60, '2024-03-10'),
(10, 10, '2024-03-01', 50.000, 19.20, '2024-03-10'),
(11, 11, '2024-03-01', 50.000, 2.40, '2025-01-01'),
(12, 12, '2024-03-01', 50.000, 3.60, '2025-01-01'),
(13, 13, '2024-03-01', 50.000, 1.80, '2025-01-01'),
(14, 14, '2024-03-01', 50.000, 7.20, '2025-01-01'),
(15, 15, '2024-03-01', 50.000, 8.80, '2025-01-01'),
(16, 16, '2024-03-01', 50.000, 4.80, '2024-03-10'),
(17, 17, '2024-03-01', 50.000, 6.40, '2024-03-10'),
(18, 18, '2024-03-01', 50.000, 7.20, '2024-03-10'),
(19, 19, '2024-03-01', 50.000, 5.60, '2024-03-10'),
(20, 20, '2024-03-01', 50.000, 4.80, '2024-03-10'),
(21, 21, '2024-03-01', 50.000, 0.00, '2025-01-01'),
(22, 22, '2024-03-01', 50.000, 0.00, '2025-01-01'),
(23, 23, '2024-03-01', 50.000, 0.00, '2025-01-01'),
(24, 24, '2024-03-01', 50.000, 0.00, '2025-01-01'),
(25, 25, '2024-03-01', 50.000, 0.00, '2025-01-01'),
(26, 26, '2024-03-01', 50.000, 0.00, '2025-01-01'),
(27, 27, '2024-03-01', 50.000, 0.00, '2025-01-01'),
(28, 28, '2024-03-01', 50.000, 0.00, '2025-01-01'),
(29, 29, '2024-03-01', 50.000, 0.00, '2025-01-01'),
(30, 30, '2024-03-01', 50.000, 0.00, '2025-01-01'),
(31, 1, '2024-03-15', 50.000, 10.00, '2024-03-25'),
(32, 2, '2024-03-15', 50.000, 18.00, '2024-03-25'),
(33, 3, '2024-03-15', 50.000, 8.80, '2024-03-25'),
(34, 4, '2024-03-15', 50.000, 16.80, '2024-03-25'),
(35, 5, '2024-03-15', 50.000, 22.00, '2024-03-25'),
(36, 6, '2024-03-15', 50.000, 14.00, '2024-03-25'),
(37, 7, '2024-03-15', 50.000, 15.20, '2024-03-25'),
(38, 8, '2024-03-15', 50.000, 11.20, '2024-03-25'),
(39, 9, '2024-03-15', 50.000, 13.60, '2024-03-25'),
(40, 10, '2024-03-15', 50.000, 19.20, '2024-03-25'),
(41, 11, '2024-03-15', 50.000, 2.40, '2025-02-01'),
(42, 12, '2024-03-15', 50.000, 3.60, '2025-02-01'),
(43, 13, '2024-03-15', 50.000, 1.80, '2025-02-01'),
(44, 14, '2024-03-15', 50.000, 7.20, '2025-02-01'),
(45, 15, '2024-03-15', 50.000, 8.80, '2025-02-01'),
(46, 16, '2024-03-15', 50.000, 4.80, '2024-03-25'),
(47, 17, '2024-03-15', 50.000, 6.40, '2024-03-25'),
(48, 18, '2024-03-15', 50.000, 7.20, '2024-03-25'),
(49, 19, '2024-03-15', 50.000, 5.60, '2024-03-25'),
(50, 20, '2024-03-15', 50.000, 4.80, '2024-03-25'),
(51, 21, '2024-03-15', 50.000, 0.00, '2025-02-01'),
(52, 22, '2024-03-15', 50.000, 0.00, '2025-02-01'),
(53, 23, '2024-03-15', 50.000, 0.00, '2025-02-01'),
(54, 24, '2024-03-15', 50.000, 0.00, '2025-02-01'),
(55, 25, '2024-03-15', 50.000, 0.00, '2025-02-01'),
(56, 26, '2024-03-15', 50.000, 0.00, '2025-02-01'),
(57, 27, '2024-03-15', 50.000, 0.00, '2025-02-01'),
(58, 28, '2024-03-15', 50.000, 0.00, '2025-02-01'),
(59, 29, '2024-03-15', 50.000, 0.00, '2025-02-01'),
(60, 30, '2024-03-15', 50.000, 0.00, '2025-02-01');

-- Inserindo 60 Registros de Estoque Atual
INSERT INTO pdv_estoque (id, produto_id, lote_id, quantidade_atual, data_validade) VALUES
(1, 1, 1, 37.000, '2024-03-10'),
(2, 2, 2, 26.000, '2024-03-10'),
(3, 3, 3, 33.000, '2024-03-10'),
(4, 4, 4, 43.000, '2024-03-10'),
(5, 5, 5, 12.000, '2024-03-10'),
(6, 6, 6, 13.000, '2024-03-10'),
(7, 7, 7, 14.000, '2024-03-10'),
(8, 8, 8, 44.000, '2024-03-10'),
(9, 9, 9, 41.000, '2024-03-10'),
(10, 10, 10, 11.000, '2024-03-10'),
(11, 11, 11, 25.000, '2025-01-01'),
(12, 12, 12, 42.000, '2025-01-01'),
(13, 13, 13, 23.000, '2025-01-01'),
(14, 14, 14, 18.000, '2025-01-01'),
(15, 15, 15, 42.000, '2025-01-01'),
(16, 16, 16, 41.000, '2024-03-10'),
(17, 17, 17, 47.000, '2024-03-10'),
(18, 18, 18, 35.000, '2024-03-10'),
(19, 19, 19, 46.000, '2024-03-10'),
(20, 20, 20, 43.000, '2024-03-10'),
(21, 21, 21, 13.000, '2025-01-01'),
(22, 22, 22, 44.000, '2025-01-01'),
(23, 23, 23, 42.000, '2025-01-01'),
(24, 24, 24, 49.000, '2025-01-01'),
(25, 25, 25, 13.000, '2025-01-01'),
(26, 26, 26, 18.000, '2025-01-01'),
(27, 27, 27, 44.000, '2025-01-01'),
(28, 28, 28, 16.000, '2025-01-01'),
(29, 29, 29, 44.000, '2025-01-01'),
(30, 30, 30, 28.000, '2025-01-01'),
(31, 1, 31, 12.000, '2024-03-25'),
(32, 2, 32, 39.000, '2024-03-25'),
(33, 3, 33, 41.000, '2024-03-25'),
(34, 4, 34, 36.000, '2024-03-25'),
(35, 5, 35, 16.000, '2024-03-25'),
(36, 6, 36, 28.000, '2024-03-25'),
(37, 7, 37, 16.000, '2024-03-25'),
(38, 8, 38, 46.000, '2024-03-25'),
(39, 9, 39, 26.000, '2024-03-25'),
(40, 10, 40, 38.000, '2024-03-25'),
(41, 11, 41, 39.000, '2025-02-01'),
(42, 12, 42, 15.000, '2025-02-01'),
(43, 13, 43, 15.000, '2025-02-01'),
(44, 14, 44, 38.000, '2025-02-01'),
(45, 15, 45, 26.000, '2025-02-01'),
(46, 16, 46, 11.000, '2024-03-25'),
(47, 17, 47, 19.000, '2024-03-25'),
(48, 18, 48, 44.000, '2024-03-25'),
(49, 19, 49, 18.000, '2024-03-25'),
(50, 20, 50, 23.000, '2024-03-25'),
(51, 21, 51, 40.000, '2025-02-01'),
(52, 22, 52, 37.000, '2025-02-01'),
(53, 23, 53, 26.000, '2025-02-01'),
(54, 24, 54, 49.000, '2025-02-01'),
(55, 25, 55, 33.000, '2025-02-01'),
(56, 26, 56, 31.000, '2025-02-01'),
(57, 27, 57, 36.000, '2025-02-01'),
(58, 28, 58, 39.000, '2025-02-01'),
(59, 29, 59, 25.000, '2025-02-01'),
(60, 30, 60, 44.000, '2025-02-01');

-- Inserindo 200 Vendas (usando os produtos vendáveis)
INSERT INTO pdv_venda (id, produto_id, data_venda, quantidade, preco_unitario, valor_total) VALUES
(1, 6, '2024-05-03 16:50:00', 2.000, 35.00, 70.00),
(2, 17, '2024-05-03 16:23:00', 1.000, 16.00, 16.00),
(3, 10, '2024-05-11 20:50:00', 2.000, 48.00, 96.00),
(4, 14, '2024-05-15 12:45:00', 2.000, 18.00, 36.00),
(5, 10, '2024-05-24 17:06:00', 2.000, 48.00, 96.00),
(6, 13, '2024-05-05 14:06:00', 2.000, 4.50, 9.00),
(7, 3, '2024-05-12 13:04:00', 3.000, 22.00, 66.00),
(8, 20, '2024-05-10 16:39:00', 2.000, 12.00, 24.00),
(9, 17, '2024-05-17 20:35:00', 3.000, 16.00, 48.00),
(10, 6, '2024-05-10 17:45:00', 1.000, 35.00, 35.00),
(11, 3, '2024-05-11 14:20:00', 3.000, 22.00, 66.00),
(12, 11, '2024-05-16 20:11:00', 2.000, 6.00, 12.00),
(13, 13, '2024-05-18 19:14:00', 3.000, 4.50, 13.50),
(14, 9, '2024-05-11 14:24:00', 1.000, 34.00, 34.00),
(15, 16, '2024-05-20 20:09:00', 2.000, 12.00, 24.00),
(16, 8, '2024-05-13 12:50:00', 1.000, 28.00, 28.00),
(17, 16, '2024-05-07 12:17:00', 1.000, 12.00, 12.00),
(18, 8, '2024-05-17 20:13:00', 3.000, 28.00, 84.00),
(19, 2, '2024-05-25 11:58:00', 3.000, 45.00, 135.00),
(20, 16, '2024-05-24 14:00:00', 1.000, 12.00, 12.00),
(21, 20, '2024-05-13 19:00:00', 3.000, 12.00, 36.00),
(22, 10, '2024-05-12 16:24:00', 2.000, 48.00, 96.00),
(23, 1, '2024-05-15 15:16:00', 2.000, 25.00, 50.00),
(24, 19, '2024-05-19 11:42:00', 1.000, 14.00, 14.00),
(25, 18, '2024-05-26 11:28:00', 1.000, 18.00, 18.00),
(26, 12, '2024-05-15 15:20:00', 3.000, 9.00, 27.00),
(27, 2, '2024-05-24 13:33:00', 3.000, 45.00, 135.00),
(28, 17, '2024-05-07 18:52:00', 1.000, 16.00, 16.00),
(29, 16, '2024-05-05 20:26:00', 2.000, 12.00, 24.00),
(30, 2, '2024-05-10 15:56:00', 3.000, 45.00, 135.00),
(31, 3, '2024-05-14 18:34:00', 2.000, 22.00, 44.00),
(32, 13, '2024-05-15 19:08:00', 2.000, 4.50, 9.00),
(33, 12, '2024-05-10 18:52:00', 2.000, 9.00, 18.00),
(34, 11, '2024-05-22 12:56:00', 2.000, 6.00, 12.00),
(35, 8, '2024-05-11 12:30:00', 1.000, 28.00, 28.00),
(36, 19, '2024-05-20 13:50:00', 2.000, 14.00, 28.00),
(37, 15, '2024-05-21 13:21:00', 1.000, 22.00, 22.00),
(38, 16, '2024-05-28 19:02:00', 2.000, 12.00, 24.00),
(39, 9, '2024-05-17 20:06:00', 2.000, 34.00, 68.00),
(40, 4, '2024-05-09 19:22:00', 1.000, 42.00, 42.00),
(41, 14, '2024-05-01 16:19:00', 1.000, 18.00, 18.00),
(42, 20, '2024-05-14 17:14:00', 2.000, 12.00, 24.00),
(43, 3, '2024-05-11 17:44:00', 1.000, 22.00, 22.00),
(44, 3, '2024-05-09 18:25:00', 3.000, 22.00, 66.00),
(45, 16, '2024-05-09 13:20:00', 2.000, 12.00, 24.00),
(46, 9, '2024-05-11 20:11:00', 3.000, 34.00, 102.00),
(47, 8, '2024-05-20 19:40:00', 2.000, 28.00, 56.00),
(48, 10, '2024-05-25 18:50:00', 3.000, 48.00, 144.00),
(49, 20, '2024-05-04 11:47:00', 2.000, 12.00, 24.00),
(50, 6, '2024-05-07 15:37:00', 3.000, 35.00, 105.00),
(51, 9, '2024-05-26 12:08:00', 1.000, 34.00, 34.00),
(52, 13, '2024-05-21 12:50:00', 3.000, 4.50, 13.50),
(53, 12, '2024-05-18 11:15:00', 3.000, 9.00, 27.00),
(54, 1, '2024-05-11 20:39:00', 1.000, 25.00, 25.00),
(55, 15, '2024-05-15 14:19:00', 3.000, 22.00, 66.00),
(56, 12, '2024-05-24 20:30:00', 3.000, 9.00, 27.00),
(57, 12, '2024-05-05 11:52:00', 2.000, 9.00, 18.00),
(58, 1, '2024-05-23 16:08:00', 1.000, 25.00, 25.00),
(59, 2, '2024-05-20 16:00:00', 1.000, 45.00, 45.00),
(60, 12, '2024-05-22 20:27:00', 2.000, 9.00, 18.00),
(61, 15, '2024-05-07 11:15:00', 2.000, 22.00, 44.00),
(62, 15, '2024-05-16 13:37:00', 1.000, 22.00, 22.00),
(63, 14, '2024-05-20 20:56:00', 2.000, 18.00, 36.00),
(64, 10, '2024-05-15 15:37:00', 1.000, 48.00, 48.00),
(65, 9, '2024-05-26 16:57:00', 2.000, 34.00, 68.00),
(66, 12, '2024-05-28 14:54:00', 1.000, 9.00, 9.00),
(67, 5, '2024-05-20 17:42:00', 3.000, 55.00, 165.00),
(68, 20, '2024-05-15 18:52:00', 2.000, 12.00, 24.00),
(69, 12, '2024-05-14 20:09:00', 2.000, 9.00, 18.00),
(70, 8, '2024-05-19 13:53:00', 3.000, 28.00, 84.00),
(71, 15, '2024-05-21 18:41:00', 1.000, 22.00, 22.00),
(72, 17, '2024-05-10 13:51:00', 2.000, 16.00, 32.00),
(73, 14, '2024-05-11 20:52:00', 3.000, 18.00, 54.00),
(74, 6, '2024-05-03 11:16:00', 3.000, 35.00, 105.00),
(75, 15, '2024-05-26 14:51:00', 1.000, 22.00, 22.00),
(76, 6, '2024-05-20 20:05:00', 2.000, 35.00, 70.00),
(77, 10, '2024-05-08 15:04:00', 2.000, 48.00, 96.00),
(78, 6, '2024-05-01 16:42:00', 3.000, 35.00, 105.00),
(79, 15, '2024-05-03 14:00:00', 1.000, 22.00, 22.00),
(80, 19, '2024-05-17 17:38:00', 2.000, 14.00, 28.00),
(81, 15, '2024-05-20 19:58:00', 2.000, 22.00, 44.00),
(82, 6, '2024-05-01 12:00:00', 3.000, 35.00, 105.00),
(83, 1, '2024-05-09 16:01:00', 2.000, 25.00, 50.00),
(84, 12, '2024-05-09 11:33:00', 1.000, 9.00, 9.00),
(85, 2, '2024-05-02 12:58:00', 3.000, 45.00, 135.00),
(86, 5, '2024-05-13 13:01:00', 2.000, 55.00, 110.00),
(87, 19, '2024-05-18 11:51:00', 1.000, 14.00, 14.00),
(88, 18, '2024-05-07 20:54:00', 3.000, 18.00, 54.00),
(89, 9, '2024-05-15 19:01:00', 2.000, 34.00, 68.00),
(90, 2, '2024-05-16 13:46:00', 2.000, 45.00, 90.00),
(91, 14, '2024-05-03 13:22:00', 1.000, 18.00, 18.00),
(92, 6, '2024-05-05 12:33:00', 1.000, 35.00, 35.00),
(93, 7, '2024-05-28 18:52:00', 3.000, 38.00, 114.00),
(94, 5, '2024-05-21 13:07:00', 1.000, 55.00, 55.00),
(95, 6, '2024-05-04 11:01:00', 3.000, 35.00, 105.00),
(96, 20, '2024-05-06 12:08:00', 1.000, 12.00, 12.00),
(97, 6, '2024-05-18 18:16:00', 1.000, 35.00, 35.00),
(98, 16, '2024-05-15 15:08:00', 3.000, 12.00, 36.00),
(99, 11, '2024-05-28 20:43:00', 1.000, 6.00, 6.00),
(100, 7, '2024-05-26 11:04:00', 1.000, 38.00, 38.00),
(101, 13, '2024-05-19 19:47:00', 2.000, 4.50, 9.00),
(102, 12, '2024-05-23 20:08:00', 1.000, 9.00, 9.00),
(103, 9, '2024-05-14 13:57:00', 1.000, 34.00, 34.00),
(104, 10, '2024-05-06 11:47:00', 1.000, 48.00, 48.00),
(105, 9, '2024-05-10 17:51:00', 3.000, 34.00, 102.00),
(106, 3, '2024-05-16 12:21:00', 2.000, 22.00, 44.00),
(107, 5, '2024-05-20 14:52:00', 3.000, 55.00, 165.00),
(108, 13, '2024-05-10 19:16:00', 1.000, 4.50, 4.50),
(109, 6, '2024-05-20 14:01:00', 2.000, 35.00, 70.00),
(110, 20, '2024-05-03 13:49:00', 3.000, 12.00, 36.00),
(111, 18, '2024-05-10 14:57:00', 3.000, 18.00, 54.00),
(112, 16, '2024-05-21 15:53:00', 3.000, 12.00, 36.00),
(113, 19, '2024-05-24 11:14:00', 3.000, 14.00, 42.00),
(114, 15, '2024-05-24 18:49:00', 3.000, 22.00, 66.00),
(115, 4, '2024-05-22 16:55:00', 3.000, 42.00, 126.00),
(116, 1, '2024-05-04 13:04:00', 2.000, 25.00, 50.00),
(117, 14, '2024-05-20 18:33:00', 3.000, 18.00, 54.00),
(118, 7, '2024-05-08 17:53:00', 1.000, 38.00, 38.00),
(119, 7, '2024-05-20 17:21:00', 2.000, 38.00, 76.00),
(120, 15, '2024-05-01 11:44:00', 3.000, 22.00, 66.00),
(121, 6, '2024-05-11 15:20:00', 3.000, 35.00, 105.00),
(122, 12, '2024-05-06 15:54:00', 2.000, 9.00, 18.00),
(123, 9, '2024-05-25 20:37:00', 3.000, 34.00, 102.00),
(124, 12, '2024-05-17 18:05:00', 2.000, 9.00, 18.00),
(125, 19, '2024-05-18 15:01:00', 3.000, 14.00, 42.00),
(126, 20, '2024-05-24 18:34:00', 3.000, 12.00, 36.00),
(127, 4, '2024-05-14 19:13:00', 3.000, 42.00, 126.00),
(128, 4, '2024-05-23 20:24:00', 1.000, 42.00, 42.00),
(129, 1, '2024-05-05 15:08:00', 1.000, 25.00, 25.00),
(130, 5, '2024-05-02 13:58:00', 2.000, 55.00, 110.00),
(131, 8, '2024-05-09 20:17:00', 2.000, 28.00, 56.00),
(132, 17, '2024-05-11 16:39:00', 3.000, 16.00, 48.00),
(133, 10, '2024-05-18 20:42:00', 2.000, 48.00, 96.00),
(134, 15, '2024-05-08 11:40:00', 2.000, 22.00, 44.00),
(135, 18, '2024-05-11 17:37:00', 3.000, 18.00, 54.00),
(136, 15, '2024-05-22 19:53:00', 3.000, 22.00, 66.00),
(137, 20, '2024-05-03 11:51:00', 2.000, 12.00, 24.00),
(138, 2, '2024-05-16 11:38:00', 3.000, 45.00, 135.00),
(139, 3, '2024-05-08 17:08:00', 2.000, 22.00, 44.00),
(140, 10, '2024-05-28 11:57:00', 2.000, 48.00, 96.00),
(141, 8, '2024-05-13 12:18:00', 1.000, 28.00, 28.00),
(142, 16, '2024-05-20 16:28:00', 2.000, 12.00, 24.00),
(143, 1, '2024-05-21 19:28:00', 3.000, 25.00, 75.00),
(144, 13, '2024-05-03 13:31:00', 2.000, 4.50, 9.00),
(145, 3, '2024-05-18 19:49:00', 3.000, 22.00, 66.00),
(146, 2, '2024-05-14 15:48:00', 3.000, 45.00, 135.00),
(147, 17, '2024-05-27 15:47:00', 3.000, 16.00, 48.00),
(148, 18, '2024-05-14 13:16:00', 3.000, 18.00, 54.00),
(149, 7, '2024-05-14 18:10:00', 2.000, 38.00, 76.00),
(150, 2, '2024-05-19 17:21:00', 1.000, 45.00, 45.00),
(151, 11, '2024-05-27 20:56:00', 1.000, 6.00, 6.00),
(152, 20, '2024-05-26 19:04:00', 1.000, 12.00, 12.00),
(153, 16, '2024-05-18 14:40:00', 2.000, 12.00, 24.00),
(154, 9, '2024-05-19 14:31:00', 1.000, 34.00, 34.00),
(155, 16, '2024-05-26 20:12:00', 2.000, 12.00, 24.00),
(156, 2, '2024-05-06 13:23:00', 1.000, 45.00, 45.00),
(157, 4, '2024-05-24 11:33:00', 2.000, 42.00, 84.00),
(158, 13, '2024-05-13 16:45:00', 2.000, 4.50, 9.00),
(159, 5, '2024-05-12 20:53:00', 1.000, 55.00, 55.00),
(160, 19, '2024-05-06 15:10:00', 2.000, 14.00, 28.00),
(161, 13, '2024-05-08 11:52:00', 3.000, 4.50, 13.50),
(162, 1, '2024-05-09 12:08:00', 1.000, 25.00, 25.00),
(163, 8, '2024-05-05 20:07:00', 1.000, 28.00, 28.00),
(164, 7, '2024-05-25 18:17:00', 3.000, 38.00, 114.00),
(165, 11, '2024-05-13 20:26:00', 3.000, 6.00, 18.00),
(166, 8, '2024-05-06 17:04:00', 1.000, 28.00, 28.00),
(167, 16, '2024-05-17 20:46:00', 1.000, 12.00, 12.00),
(168, 8, '2024-05-03 18:35:00', 3.000, 28.00, 84.00),
(169, 7, '2024-05-26 16:42:00', 1.000, 38.00, 38.00),
(170, 13, '2024-05-03 15:09:00', 2.000, 4.50, 9.00),
(171, 17, '2024-05-04 20:32:00', 1.000, 16.00, 16.00),
(172, 19, '2024-05-18 19:48:00', 3.000, 14.00, 42.00),
(173, 13, '2024-05-10 14:56:00', 3.000, 4.50, 13.50),
(174, 13, '2024-05-14 14:47:00', 3.000, 4.50, 13.50),
(175, 20, '2024-05-15 14:29:00', 3.000, 12.00, 36.00),
(176, 11, '2024-05-23 11:02:00', 3.000, 6.00, 18.00),
(177, 9, '2024-05-13 18:01:00', 1.000, 34.00, 34.00),
(178, 8, '2024-05-01 12:12:00', 1.000, 28.00, 28.00),
(179, 15, '2024-05-12 18:23:00', 3.000, 22.00, 66.00),
(180, 19, '2024-05-22 12:17:00', 3.000, 14.00, 42.00),
(181, 4, '2024-05-23 14:10:00', 3.000, 42.00, 126.00),
(182, 19, '2024-05-13 19:24:00', 3.000, 14.00, 42.00),
(183, 3, '2024-05-24 20:16:00', 1.000, 22.00, 22.00),
(184, 11, '2024-05-27 18:19:00', 3.000, 6.00, 18.00),
(185, 3, '2024-05-19 17:11:00', 2.000, 22.00, 44.00),
(186, 6, '2024-05-14 19:45:00', 1.000, 35.00, 35.00),
(187, 10, '2024-05-20 19:05:00', 2.000, 48.00, 96.00),
(188, 1, '2024-05-03 14:43:00', 1.000, 25.00, 25.00),
(189, 3, '2024-05-07 12:19:00', 3.000, 22.00, 66.00),
(190, 9, '2024-05-14 16:19:00', 3.000, 34.00, 102.00),
(191, 11, '2024-05-06 15:53:00', 3.000, 6.00, 18.00),
(192, 14, '2024-05-15 20:09:00', 1.000, 18.00, 18.00),
(193, 19, '2024-05-13 20:01:00', 2.000, 14.00, 28.00),
(194, 18, '2024-05-16 15:54:00', 2.000, 18.00, 36.00),
(195, 19, '2024-05-28 15:56:00', 3.000, 14.00, 42.00),
(196, 1, '2024-05-13 15:19:00', 3.000, 25.00, 75.00),
(197, 11, '2024-05-07 18:33:00', 1.000, 6.00, 6.00),
(198, 17, '2024-05-05 20:48:00', 2.000, 16.00, 32.00),
(199, 9, '2024-05-15 20:34:00', 1.000, 34.00, 34.00),
(200, 1, '2024-05-07 17:40:00', 1.000, 25.00, 25.00);
